{"/LXNxHyefuUajKQCIrN2Iw==":"mbr-1920x1440.png","krQhURdpyHRwvSiCTAYepw==":"mbr-1256x838.jpg","bPea1FME58YDxZkUmaJRcw==":"mbr-596x397.jpg","wyZaTgR8X9VGejiCPXwvXw==":"mbr-1-596x397.jpg","Vc1xUkFyLcAR9N+01/9SPw==":"mbr-596x398.jpg","uFw90vyzVZ5gYQmyUIRbrQ==":"mbr-2-596x397.jpg","BbnwYTQ/mwRikIuzWrx5wQ==":"mbr-3-596x397.jpg","yj65sRuI116jFLEwblFzpQ==":"mbr-4-596x397.jpg","5oPK1SFHulevFYkrYKzJZA==":"mbr-596x447.jpg","avvqA70996b1K9wVBqlPyw==":"mbr-596x401.jpg","KonTLiEUyrslutBRFAYAsQ==":"mbr-596x401.jpeg","pOu5RVJOYUVtoRmCFCuY7Q==":"mbr-1920x1280.jpg","yhM3E1ZFr8dF18pJX8fqCw==":"mbr-1256x837.jpg","w83uDO7df7KKhPdDldUGYg==":"mbr-1-1920x1280.jpg","7+IaZveUPgj7KRGNlBTXbw==":"mbr-816x544.jpg","tCpP3Zby51T46L6MmgZSgA==":"mbr-1-816x544.jpg","lwgOQaWOCTYj+S01nb8m8g==":"mbr-816x524.jpg","8cRf2rMsVHRj++7zzvhg6w==":"mbr-198x198.jpg","hvxIYJbHmr3+Fqg1rCxUZQ==":"mbr-1256x829.jpg","tXoJ8FMwjbVU/+5mUmTNMw==":"2023-08-22_23.19.01-1076x561.png","KuXhGtEQjz+SnSvi0kRKkQ==":"2023-08-22_23.19.01-1-1076x561.png","HoOIgIq0cJ3t3Vup8mTltw==":"%E4%B8%8B%E8%BD%BD-1076x605.png","rUVulqrkFRTU77YtKQS63Q==":"2023-08-22-23-1076x605.png","LF6aVOoGOVOy3i9uuo3Shw==":"qq%E5%9B%BE%E7%89%8720231029113424-600x600.jpg","xIwsvi0Y4bn6DszLVOPKDg==":"qq%E5%9B%BE%E7%89%8720231029113637-600x600.jpg","UUNnsFt2VWdJ+UMeo7EfDw==":"noname-350x350.jpg","hd6rV+epBMSHoF9bmfGF2g==":"portfolio-4.webp","sAedGtyqlS+q8Ssn5fGpvw==":"yuanchuangzhanlidemianbaorenpng-11743915-529x400.jpg","sDhWGalyprMH9jOGWfCUgA==":"%E4%B8%8B%E8%BD%BD%20(1)-275x183.png"}